id,first_name,last_name,email,gender,ip_address
1,Nan,Bartolommeo,nbartolommeo0@pagesperso-orange.fr,Female,188.173.222.30
2,Harlie,Houlson,hhoulson1@reuters.com,Female,71.155.186.41
3,Mallory,Quigley,mquigley2@ox.ac.uk,Female,137.217.143.240
4,Paula,Blais,pblais3@alibaba.com,Female,241.157.89.168
5,Sherwood,Cristofvao,scristofvao4@ebay.com,Male,246.217.97.37
6,Quinta,Casseldine,qcasseldine5@yellowpages.com,Female,111.234.191.78
7,Justis,Goare,jgoare6@mit.edu,Male,197.132.50.3
8,Dalston,Burniston,dburniston7@zimbio.com,Male,31.53.112.110
9,Alicia,Denning,adenning8@topsy.com,Female,145.22.199.94
10,Naoma,Tookill,ntookill9@engadget.com,Female,84.127.47.88
11,Pail,Jamieson,pjamiesona@wired.com,Male,32.184.67.12
12,Thor,Dooman,tdoomanb@posterous.com,Male,209.212.55.38
13,Amble,Coldtart,acoldtartc@gov.uk,Male,58.155.35.23
14,Ariana,Clamp,aclampd@businessinsider.com,Female,108.187.16.139
15,Gar,MacKee,gmackeee@w3.org,Male,171.233.47.54
16,Prentice,Aguirrezabala,paguirrezabalaf@mtv.com,Male,202.205.46.210
17,Ruthann,Beatens,rbeatensg@scientificamerican.com,Female,214.221.48.243
18,Bessie,Healks,bhealksh@squarespace.com,Female,58.21.238.154
19,Osbourn,Puleston,opulestoni@constantcontact.com,Male,113.100.141.14
20,Sigismondo,Braime,sbraimej@myspace.com,Male,13.242.166.216
21,Harrie,Vedmore,hvedmorek@google.co.jp,Female,67.174.245.8
22,Baxie,Stannah,bstannahl@independent.co.uk,Male,109.31.234.47
23,Cordy,Wennington,cwenningtonm@state.tx.us,Female,105.199.15.110
24,Care,Asbrey,casbreyn@g.co,Male,120.206.22.141
25,Chrystel,Grandison,cgrandisono@mashable.com,Female,24.163.214.168
26,Cally,Ellin,cellinp@craigslist.org,Female,179.248.228.149
27,Nollie,Woodson,nwoodsonq@sfgate.com,Female,15.213.244.206
28,Kirsteni,Eagles,keaglesr@house.gov,Female,31.133.245.0
29,Loretta,La Batie,llabaties@homestead.com,Female,220.249.176.12
30,Rozalie,Betterton,rbettertont@cbc.ca,Female,33.5.173.213
31,Grier,Tweedell,gtweedellu@ucsd.edu,Female,192.21.251.128
32,Rani,Boden,rbodenv@tamu.edu,Female,170.46.130.233
33,Gerick,Moseby,gmosebyw@163.com,Male,193.105.182.151
34,Kimmie,Hasell,khasellx@merriam-webster.com,Female,132.56.148.183
35,Jermaine,Shevels,jshevelsy@usa.gov,Male,193.240.195.196
36,Manya,Gayton,mgaytonz@ask.com,Female,118.218.9.81
37,Fan,Corris,fcorris10@chicagotribune.com,Female,78.212.110.240
38,Gaylord,Vinden,gvinden11@cnet.com,Male,57.59.61.142
39,Bendite,Gadman,bgadman12@mashable.com,Female,54.101.106.242
40,Marshal,Vlahos,mvlahos13@youtube.com,Male,131.131.236.42
41,Izzy,Sieur,isieur14@prweb.com,Male,253.0.217.71
42,Jinny,Snashall,jsnashall15@sohu.com,Female,214.65.25.103
43,Jemmie,Bouts,jbouts16@msu.edu,Female,216.191.63.255
44,Tammy,Sheepy,tsheepy17@msn.com,Female,168.106.119.6
45,Siusan,Bozward,sbozward18@forbes.com,Female,224.108.42.78
46,Georgi,Aust,gaust19@xing.com,Male,98.118.202.22
47,Sterling,Lisle,slisle1a@posterous.com,Male,140.142.47.192
48,Florence,Radsdale,fradsdale1b@indiegogo.com,Female,153.115.38.25
49,Ezri,Fairhead,efairhead1c@jugem.jp,Male,240.93.213.166
50,Glennis,Tams,gtams1d@hud.gov,Female,194.138.222.178
51,Trefor,Spaice,tspaice1e@pagesperso-orange.fr,Male,39.200.24.21
52,Arlen,Taleworth,ataleworth1f@reddit.com,Female,184.251.61.230
53,Paddy,Pybworth,ppybworth1g@liveinternet.ru,Male,245.112.185.132
54,Lowell,Innman,linnman1h@dailymotion.com,Male,33.87.138.129
55,Ulberto,Shallcrass,ushallcrass1i@ox.ac.uk,Male,122.229.209.45
56,Stan,MacGibbon,smacgibbon1j@freewebs.com,Male,65.250.92.176
57,Emlyn,Beade,ebeade1k@blogspot.com,Male,227.214.203.25
58,Rayna,Towns,rtowns1l@columbia.edu,Female,139.27.115.76
59,Muriel,Lawrenz,mlawrenz1m@comcast.net,Female,218.84.65.53
60,Waring,Lerner,wlerner1n@google.co.uk,Male,212.7.241.28
61,Bronny,Pendock,bpendock1o@tripadvisor.com,Male,150.36.137.53
62,Aldus,Blakeney,ablakeney1p@alibaba.com,Male,82.241.73.224
63,Bartholomew,Wellbelove,bwellbelove1q@yahoo.co.jp,Male,71.40.54.52
64,Sioux,Eggerton,seggerton1r@wunderground.com,Female,218.64.0.236
65,Iggie,Anmore,ianmore1s@networkadvertising.org,Male,127.158.1.184
66,Calv,Benfell,cbenfell1t@timesonline.co.uk,Male,224.24.199.145
67,Pepillo,Tace,ptace1u@dailymail.co.uk,Male,4.216.54.226
68,Derick,Allwell,dallwell1v@merriam-webster.com,Male,51.178.148.202
69,Findley,Arnott,farnott1w@sciencedaily.com,Male,67.196.35.70
70,Luis,Busen,lbusen1x@loc.gov,Male,27.143.86.52
71,Julietta,Buchan,jbuchan1y@4shared.com,Female,228.164.83.245
72,Loren,Daud,ldaud1z@nymag.com,Male,247.71.56.135
73,Burl,McGhee,bmcghee20@admin.ch,Male,108.170.217.50
74,Bathsheba,Brew,bbrew21@ed.gov,Female,146.14.146.236
75,Terrance,Raggitt,traggitt22@cbc.ca,Male,91.187.231.124
76,Kyrstin,Valentin,kvalentin23@ucla.edu,Female,39.184.26.243
77,Betteanne,Pietrowicz,bpietrowicz24@typepad.com,Female,22.71.88.174
78,Ronda,Coulson,rcoulson25@timesonline.co.uk,Female,112.154.211.66
79,Donica,Runnett,drunnett26@nhs.uk,Female,48.142.211.227
80,Krisha,Mutton,kmutton27@prlog.org,Male,65.82.89.25
81,Melba,Milan,mmilan28@vimeo.com,Female,12.12.4.201
82,Richard,Kirkebye,rkirkebye29@paypal.com,Male,253.219.25.157
83,Linet,Mirfin,lmirfin2a@amazon.com,Female,71.148.168.140
84,Zaneta,Mumberson,zmumberson2b@amazon.co.jp,Female,157.168.143.55
85,Debor,Quantrell,dquantrell2c@wisc.edu,Female,164.179.92.193
86,Dominica,Hacquard,dhacquard2d@dailymail.co.uk,Female,178.53.100.181
87,Luella,Mutimer,lmutimer2e@51.la,Female,32.81.2.26
88,Norman,Chaddock,nchaddock2f@disqus.com,Male,218.149.200.212
89,Lolly,Brockelsby,lbrockelsby2g@china.com.cn,Female,202.243.145.71
90,Lavina,Deary,ldeary2h@clickbank.net,Female,207.53.211.42
91,Stephan,Brickstock,sbrickstock2i@bluehost.com,Male,107.102.38.140
92,Yoshi,Winspeare,ywinspeare2j@devhub.com,Female,1.104.219.143
93,Cody,Whightman,cwhightman2k@gravatar.com,Male,9.25.76.175
94,Jason,Harly,jharly2l@columbia.edu,Male,210.45.102.249
95,Layne,Norcop,lnorcop2m@comsenz.com,Female,28.106.106.222
96,Clayborne,Chadbourn,cchadbourn2n@nps.gov,Male,220.235.77.87
97,Dominga,Pimley,dpimley2o@cisco.com,Female,58.169.134.235
98,Jonis,Littlefair,jlittlefair2p@drupal.org,Female,240.129.233.211
99,Liuka,Levison,llevison2q@utexas.edu,Female,153.134.232.78
100,Barnard,Ambrogio,bambrogio2r@cdc.gov,Male,18.186.193.142
